{"train_loss": [[0, 4.584814071655273], [40, 2.938992738723755], [80, 2.5024707317352295], [120, 2.287504196166992], [160, 2.1088948249816895], [200, 2.1326751708984375], [240, 1.9375636577606201], [280, 1.9446170330047607], [320, 1.8809503316879272], [360, 1.715018630027771], [400, 1.6066194772720337], [401, 1.6066194772720337]], "val_loss": [[0, 4.597164630889893], [40, 4.394848823547363], [80, 4.337290287017822], [120, 4.843447685241699], [160, 5.206048965454102], [200, 4.877440452575684], [240, 5.338901996612549], [280, 5.066128730773926], [320, 5.11374568939209], [360, 5.914919853210449], [400, 5.55225133895874], [401, 5.55225133895874]], "train_acc": [], "val_acc": []}