{"train_loss": [[0, 10.842609405517578], [40, 3.0633575916290283], [80, 2.2888259887695312], [120, 2.303133010864258], [160, 2.6654176712036133], [200, 2.0683019161224365], [240, 1.9266048669815063], [280, 1.8121259212493896], [320, 1.7603185176849365], [360, 1.7424150705337524], [400, 1.585344910621643], [401, 1.585344910621643]], "val_loss": [[0, 10.826350212097168], [40, 4.632803916931152], [80, 5.257815837860107], [120, 5.3386945724487305], [160, 5.1748247146606445], [200, 5.598175048828125], [240, 5.813564777374268], [280, 5.753143310546875], [320, 5.451869487762451], [360, 5.836565017700195], [400, 5.279030799865723], [401, 5.279030799865723]], "train_acc": [], "val_acc": []}