{"train_loss": [[0, 10.603985786437988], [40, 4.759573936462402], [80, 3.4310851097106934], [120, 3.000206708908081], [160, 3.355247974395752], [200, 3.738046169281006], [240, 4.020238876342773], [280, 4.1990766525268555], [320, 4.6103081703186035], [360, 5.228043556213379], [400, 5.4184722900390625], [401, 5.4184722900390625]], "val_loss": [[0, 10.62197494506836], [40, 10.493613243103027], [80, 11.134119987487793], [120, 10.797508239746094], [160, 10.994696617126465], [200, 10.86388874053955], [240, 10.74815559387207], [280, 10.728462219238281], [320, 10.599452018737793], [360, 10.54228401184082], [400, 10.479801177978516], [401, 10.479801177978516]], "train_acc": [], "val_acc": []}