{"train_loss": [[0, 10.603869438171387], [40, 4.494738578796387], [80, 4.824268341064453], [120, 4.113658428192139], [160, 4.158623695373535], [200, 3.9122061729431152], [240, 4.274674415588379], [280, 4.796156883239746], [320, 4.611232757568359], [360, 4.929143905639648], [400, 5.322303771972656], [401, 5.322303771972656]], "val_loss": [[0, 10.622040748596191], [40, 12.751938819885254], [80, 11.92045783996582], [120, 11.943817138671875], [160, 11.348417282104492], [200, 11.465234756469727], [240, 11.541744232177734], [280, 11.473752975463867], [320, 11.312307357788086], [360, 11.344533920288086], [400, 11.149354934692383], [401, 11.149354934692383]], "train_acc": [], "val_acc": []}