{"train_loss": [[0, 10.841028213500977], [40, 2.772057056427002], [80, 2.3598618507385254], [120, 2.2401976585388184], [160, 1.8450136184692383], [200, 1.7733551263809204], [240, 1.6302125453948975], [280, 1.7580184936523438], [320, 1.6372015476226807], [360, 1.5190017223358154], [400, 1.4415253400802612], [401, 1.4415253400802612]], "val_loss": [[0, 10.82717227935791], [40, 4.840323448181152], [80, 4.652752876281738], [120, 5.785412788391113], [160, 6.090336799621582], [200, 5.679009437561035], [240, 5.908934116363525], [280, 5.587571144104004], [320, 5.372565269470215], [360, 5.7212724685668945], [400, 6.001996040344238], [401, 6.001996040344238]], "train_acc": [], "val_acc": []}