{"train_loss": [[0, 4.622633457183838], [40, 1.9960495233535767], [80, 1.9172859191894531], [120, 1.7079381942749023], [160, 1.4495537281036377], [200, 1.3385365009307861], [240, 1.2065684795379639], [280, 1.2190427780151367], [320, 1.2207130193710327], [360, 1.1901881694793701], [400, 1.1483505964279175], [401, 1.1483505964279175]], "val_loss": [[0, 4.634032249450684], [40, 4.789158821105957], [80, 4.912059307098389], [120, 5.307999610900879], [160, 5.334968566894531], [200, 5.62528133392334], [240, 5.399794101715088], [280, 5.767489910125732], [320, 5.597777843475342], [360, 5.778621673583984], [400, 5.657444953918457], [401, 5.657444953918457]], "train_acc": [], "val_acc": []}