{"train_loss": [[0, 4.6527018547058105], [40, 1.9587923288345337], [80, 1.9152647256851196], [120, 1.7233108282089233], [160, 1.6341289281845093], [200, 1.5269603729248047], [240, 1.5480821132659912], [280, 1.5047112703323364], [320, 1.6400079727172852], [360, 1.626812219619751], [400, 1.652428388595581], [401, 1.652428388595581]], "val_loss": [[0, 4.640948295593262], [40, 4.432226657867432], [80, 5.204222679138184], [120, 5.386047840118408], [160, 5.290796756744385], [200, 5.498566627502441], [240, 5.388340473175049], [280, 5.363110542297363], [320, 5.231648921966553], [360, 5.263409614562988], [400, 5.565860748291016], [401, 5.565860748291016]], "train_acc": [], "val_acc": []}