{"train_loss": [[0, 10.603645324707031], [40, 6.249027729034424], [80, 3.2122116088867188], [120, 3.0311169624328613], [160, 3.088087797164917], [200, 3.4051742553710938], [240, 3.564696788787842], [280, 4.115373134613037], [320, 4.715468406677246], [360, 4.918018817901611], [400, 5.042341709136963], [401, 5.042341709136963]], "val_loss": [[0, 10.621758460998535], [40, 10.19566822052002], [80, 10.79088020324707], [120, 11.026521682739258], [160, 10.577064514160156], [200, 10.55147647857666], [240, 10.067375183105469], [280, 10.388069152832031], [320, 10.33238410949707], [360, 10.904792785644531], [400, 10.765372276306152], [401, 10.765372276306152]], "train_acc": [], "val_acc": []}