{"train_loss": [[0, 4.657435894012451], [40, 3.0594935417175293], [80, 2.1909565925598145], [120, 2.1129798889160156], [160, 2.0821588039398193], [200, 2.2165961265563965], [240, 1.964647889137268], [280, 1.9560655355453491], [320, 1.8693279027938843], [360, 1.6620032787322998], [400, 1.6073108911514282], [401, 1.6073108911514282]], "val_loss": [[0, 4.6412153244018555], [40, 4.3367719650268555], [80, 4.7352094650268555], [120, 4.920645236968994], [160, 5.274718761444092], [200, 4.951291561126709], [240, 5.141545295715332], [280, 5.570019721984863], [320, 4.838653087615967], [360, 5.501090049743652], [400, 5.777434349060059], [401, 5.777434349060059]], "train_acc": [], "val_acc": []}