{"train_loss": [[0, 4.643616676330566], [40, 3.073397159576416], [80, 2.413264513015747], [120, 2.268033266067505], [160, 1.9687995910644531], [200, 2.0287461280822754], [240, 1.6018047332763672], [280, 1.461058497428894], [320, 1.5828559398651123], [360, 1.3946837186813354], [400, 1.6142408847808838], [401, 1.6142408847808838]], "val_loss": [[0, 4.677231788635254], [40, 4.265955924987793], [80, 4.490401268005371], [120, 4.863814353942871], [160, 5.316980838775635], [200, 5.390289306640625], [240, 5.732804298400879], [280, 5.259359836578369], [320, 5.420065402984619], [360, 5.558171272277832], [400, 5.190036773681641], [401, 5.190036773681641]], "train_acc": [], "val_acc": []}