{"train_loss": [[0, 4.644178867340088], [40, 1.9720491170883179], [80, 2.0042779445648193], [120, 1.8475440740585327], [160, 1.6947689056396484], [200, 1.4294192790985107], [240, 1.4862757921218872], [280, 1.5015640258789062], [320, 1.5418994426727295], [360, 1.44426429271698], [400, 1.538609266281128], [401, 1.538609266281128]], "val_loss": [[0, 4.627286911010742], [40, 4.464277744293213], [80, 4.808004856109619], [120, 5.178205966949463], [160, 5.092679500579834], [200, 5.833765983581543], [240, 5.311249732971191], [280, 5.324105262756348], [320, 5.342698574066162], [360, 5.451967716217041], [400, 5.771012306213379], [401, 5.771012306213379]], "train_acc": [], "val_acc": []}