{"train_loss": [[0, 4.657121658325195], [40, 2.973599910736084], [80, 2.299527168273926], [120, 2.147805690765381], [160, 1.98818039894104], [200, 1.8750340938568115], [240, 1.8528223037719727], [280, 1.6637156009674072], [320, 1.5652350187301636], [360, 1.7461121082305908], [400, 1.5982415676116943], [401, 1.5982415676116943]], "val_loss": [[0, 4.689518928527832], [40, 4.462348937988281], [80, 4.879846572875977], [120, 5.4161810874938965], [160, 4.990274906158447], [200, 5.458587646484375], [240, 5.796375274658203], [280, 5.785453796386719], [320, 5.304797172546387], [360, 5.706717491149902], [400, 5.565637111663818], [401, 5.565637111663818]], "train_acc": [], "val_acc": []}