{"train_loss": [[0, 4.6544389724731445], [40, 2.5639891624450684], [80, 2.204502820968628], [120, 1.928100824356079], [160, 1.667127013206482], [200, 1.4059176445007324], [240, 1.3040082454681396], [280, 1.2176507711410522], [320, 1.2836583852767944], [360, 1.4176054000854492], [400, 1.4034507274627686], [401, 1.4034507274627686]], "val_loss": [[0, 4.674607276916504], [40, 4.039101600646973], [80, 4.908072471618652], [120, 5.13535213470459], [160, 5.149149417877197], [200, 5.646330833435059], [240, 5.624253273010254], [280, 5.611367702484131], [320, 5.456701755523682], [360, 5.710640907287598], [400, 5.4215569496154785], [401, 5.4215569496154785]], "train_acc": [], "val_acc": []}