{"train_loss": [[0, 10.840462684631348], [40, 3.2859909534454346], [80, 2.6634292602539062], [120, 2.5708606243133545], [160, 2.0678749084472656], [200, 2.170992374420166], [240, 2.171489953994751], [280, 2.011012315750122], [320, 2.142754077911377], [360, 1.9333041906356812], [400, 1.9795547723770142], [401, 1.9795547723770142]], "val_loss": [[0, 10.826275825500488], [40, 5.257308006286621], [80, 4.623984336853027], [120, 5.091969966888428], [160, 5.936001777648926], [200, 5.796507835388184], [240, 4.923001289367676], [280, 5.290892601013184], [320, 5.392275810241699], [360, 6.193675518035889], [400, 5.97022008895874], [401, 5.97022008895874]], "train_acc": [], "val_acc": []}