{"train_loss": [[0, 4.657120227813721], [40, 2.1144778728485107], [80, 2.02717924118042], [120, 1.8399763107299805], [160, 1.7096531391143799], [200, 1.8109662532806396], [240, 1.567703127861023], [280, 1.5050334930419922], [320, 1.6007076501846313], [360, 1.6732677221298218], [400, 1.6922614574432373], [401, 1.6922614574432373]], "val_loss": [[0, 4.657984733581543], [40, 4.3025970458984375], [80, 4.583434104919434], [120, 4.802328586578369], [160, 5.0119781494140625], [200, 5.030013084411621], [240, 4.913582801818848], [280, 5.116856575012207], [320, 4.8764753341674805], [360, 5.181166648864746], [400, 5.084153652191162], [401, 5.084153652191162]], "train_acc": [], "val_acc": []}