{"train_loss": [[0, 4.585209846496582], [40, 3.12308406829834], [80, 2.69114089012146], [120, 2.9467124938964844], [160, 2.3332021236419678], [200, 2.2788445949554443], [240, 2.0977699756622314], [280, 1.9809242486953735], [320, 1.9473965167999268], [360, 1.998016357421875], [400, 1.7534892559051514], [401, 1.7534892559051514]], "val_loss": [[0, 4.596621513366699], [40, 4.047466278076172], [80, 4.3775200843811035], [120, 4.435002326965332], [160, 4.48055362701416], [200, 4.855764865875244], [240, 5.161231517791748], [280, 5.0261335372924805], [320, 5.368805885314941], [360, 5.423788070678711], [400, 5.295529365539551], [401, 5.295529365539551]], "train_acc": [], "val_acc": []}