{"train_loss": [[0, 10.090981483459473], [40, 2.8416614532470703], [80, 3.0893826484680176], [120, 2.060443162918091], [160, 2.1690518856048584], [200, 2.257681369781494], [240, 2.3074512481689453], [280, 2.459634304046631], [320, 2.7253692150115967], [360, 3.175464630126953], [400, 3.437258243560791], [401, 3.437258243560791]], "val_loss": [[0, 10.068063735961914], [40, 10.899118423461914], [80, 10.55437183380127], [120, 10.356108665466309], [160, 10.850430488586426], [200, 12.193471908569336], [240, 11.527420043945312], [280, 12.269991874694824], [320, 12.015146255493164], [360, 12.130830764770508], [400, 9.702791213989258], [401, 9.702791213989258]], "train_acc": [], "val_acc": []}