{"train_loss": [[0, 4.664061069488525], [40, 3.9754416942596436], [80, 3.65519380569458], [120, 3.447810411453247], [160, 3.315275192260742], [200, 3.2280097007751465], [240, 3.1495096683502197], [280, 3.112870693206787], [320, 3.1136059761047363], [360, 3.116163730621338], [400, 3.1092958450317383], [401, 3.1092958450317383]], "val_loss": [[0, 4.60706901550293], [40, 4.27016544342041], [80, 4.132109642028809], [120, 4.104083061218262], [160, 4.042194843292236], [200, 4.0049285888671875], [240, 3.970264434814453], [280, 4.002504348754883], [320, 3.9716105461120605], [360, 4.007847309112549], [400, 4.054764270782471], [401, 4.054764270782471]], "train_acc": [], "val_acc": []}