{"train_loss": [[0, 10.090202331542969], [40, 3.718397617340088], [80, 3.0809502601623535], [120, 3.223336696624756], [160, 3.3914055824279785], [200, 3.4125735759735107], [240, 3.5624313354492188], [280, 3.619694232940674], [320, 3.7160415649414062], [360, 3.985448122024536], [400, 4.346920490264893], [401, 4.346920490264893]], "val_loss": [[0, 10.068063735961914], [40, 10.555215835571289], [80, 10.352437019348145], [120, 10.138402938842773], [160, 9.748479843139648], [200, 10.370924949645996], [240, 10.605419158935547], [280, 10.262446403503418], [320, 10.294129371643066], [360, 9.917953491210938], [400, 9.708001136779785], [401, 9.708001136779785]], "train_acc": [], "val_acc": []}