{"train_loss": [[0, 10.842375755310059], [40, 2.8080389499664307], [80, 2.2140138149261475], [120, 1.8668677806854248], [160, 1.6511170864105225], [200, 1.4212056398391724], [240, 1.1517189741134644], [280, 0.9286490678787231], [320, 0.7741792798042297], [360, 0.6386099457740784], [400, 0.5477734208106995], [401, 0.5477734208106995]], "val_loss": [[0, 10.809249877929688], [40, 11.165297508239746], [80, 11.434530258178711], [120, 11.619234085083008], [160, 12.139060020446777], [200, 12.1759614944458], [240, 12.348886489868164], [280, 12.76090145111084], [320, 13.241472244262695], [360, 13.491384506225586], [400, 13.714834213256836], [401, 13.714834213256836]], "train_acc": [], "val_acc": []}