{"train_loss": [[0, 10.090109825134277], [40, 2.790114641189575], [80, 2.1456847190856934], [120, 2.5306949615478516], [160, 2.1573052406311035], [200, 2.347372531890869], [240, 2.401465892791748], [280, 2.7663350105285645], [320, 2.8092048168182373], [360, 3.2556049823760986], [400, 3.597306728363037], [401, 3.597306728363037]], "val_loss": [[0, 10.068063735961914], [40, 10.832709312438965], [80, 10.34017276763916], [120, 9.260309219360352], [160, 9.195337295532227], [200, 10.428650856018066], [240, 10.8104829788208], [280, 10.049569129943848], [320, 9.821979522705078], [360, 9.600133895874023], [400, 9.6047945022583], [401, 9.6047945022583]], "train_acc": [], "val_acc": []}