{"train_loss": [[0, 4.674930572509766], [40, 1.9525325298309326], [80, 1.9312620162963867], [120, 1.6188852787017822], [160, 1.5670735836029053], [200, 1.439359426498413], [240, 1.443185567855835], [280, 1.3929942846298218], [320, 1.3254684209823608], [360, 1.297914743423462], [400, 1.3795706033706665], [401, 1.3795706033706665]], "val_loss": [[0, 4.6950297355651855], [40, 4.768141746520996], [80, 4.997622966766357], [120, 5.101618766784668], [160, 5.285298824310303], [200, 5.212309837341309], [240, 5.170356273651123], [280, 5.096990585327148], [320, 5.102248668670654], [360, 5.384929656982422], [400, 5.204373836517334], [401, 5.204373836517334]], "train_acc": [], "val_acc": []}