{"train_loss": [[0, 10.84095573425293], [40, 2.840885877609253], [80, 2.3194522857666016], [120, 2.312788486480713], [160, 1.951971411705017], [200, 2.02597713470459], [240, 1.7525571584701538], [280, 1.4584039449691772], [320, 1.56451416015625], [360, 1.302686333656311], [400, 1.2136790752410889], [401, 1.2136790752410889]], "val_loss": [[0, 10.826350212097168], [40, 4.922260284423828], [80, 5.092374801635742], [120, 5.444709777832031], [160, 5.671639442443848], [200, 5.141848564147949], [240, 5.860166549682617], [280, 6.767884731292725], [320, 6.780401706695557], [360, 7.518906593322754], [400, 7.53217077255249], [401, 7.53217077255249]], "train_acc": [], "val_acc": []}