{"train_loss": [[0, 10.089582443237305], [40, 4.106322288513184], [80, 3.912114381790161], [120, 3.367548704147339], [160, 3.367377758026123], [200, 3.677530288696289], [240, 3.8396644592285156], [280, 3.8282363414764404], [320, 4.146447658538818], [360, 4.587772846221924], [400, 4.898934364318848], [401, 4.898934364318848]], "val_loss": [[0, 10.068063735961914], [40, 10.154200553894043], [80, 10.264678955078125], [120, 10.389055252075195], [160, 9.57179069519043], [200, 9.820077896118164], [240, 9.83128547668457], [280, 10.384302139282227], [320, 9.914799690246582], [360, 9.564129829406738], [400, 9.213933944702148], [401, 9.213933944702148]], "train_acc": [], "val_acc": []}