{"train_loss": [[0, 4.655842304229736], [40, 2.759573459625244], [80, 2.220766544342041], [120, 2.1100049018859863], [160, 1.9525115489959717], [200, 1.5903584957122803], [240, 1.7242231369018555], [280, 1.4490044116973877], [320, 1.6425971984863281], [360, 1.350724220275879], [400, 1.3744051456451416], [401, 1.3744051456451416]], "val_loss": [[0, 4.691837787628174], [40, 4.3558783531188965], [80, 4.581195831298828], [120, 5.342711925506592], [160, 4.956367015838623], [200, 5.485939025878906], [240, 4.795504093170166], [280, 5.4005022048950195], [320, 5.708426475524902], [360, 5.787019729614258], [400, 5.574966907501221], [401, 5.574966907501221]], "train_acc": [], "val_acc": []}