{"train_loss": [[0, 4.664616584777832], [40, 3.1368062496185303], [80, 2.7022252082824707], [120, 2.1344401836395264], [160, 2.0576043128967285], [200, 1.8144338130950928], [240, 1.6355012655258179], [280, 1.667284369468689], [320, 1.5210087299346924], [360, 1.5271790027618408], [400, 1.5268619060516357], [401, 1.5268619060516357]], "val_loss": [[0, 4.60706901550293], [40, 4.226597785949707], [80, 4.008513927459717], [120, 5.000708103179932], [160, 5.053328990936279], [200, 5.620797634124756], [240, 5.311750888824463], [280, 5.377150058746338], [320, 5.384236812591553], [360, 5.474269866943359], [400, 5.444410800933838], [401, 5.444410800933838]], "train_acc": [], "val_acc": []}