{"train_loss": [[0, 4.658474922180176], [40, 3.0863993167877197], [80, 2.501011371612549], [120, 2.2967376708984375], [160, 2.0239615440368652], [200, 1.9880555868148804], [240, 1.9229319095611572], [280, 1.758765459060669], [320, 1.6018966436386108], [360, 1.4685810804367065], [400, 1.5404568910598755], [401, 1.5404568910598755]], "val_loss": [[0, 4.6412153244018555], [40, 4.230319976806641], [80, 4.157293319702148], [120, 4.668771266937256], [160, 5.208316802978516], [200, 5.489391326904297], [240, 5.473833084106445], [280, 5.230992317199707], [320, 5.694211959838867], [360, 5.752556800842285], [400, 5.394598484039307], [401, 5.394598484039307]], "train_acc": [], "val_acc": []}