{"train_loss": [[0, 4.693295478820801], [40, 2.0254130363464355], [80, 1.9456775188446045], [120, 1.805578589439392], [160, 1.6386886835098267], [200, 1.4629279375076294], [240, 1.248811960220337], [280, 1.174325942993164], [320, 1.1761795282363892], [360, 1.2831177711486816], [400, 1.1881004571914673], [401, 1.1881004571914673]], "val_loss": [[0, 4.668303489685059], [40, 4.626173973083496], [80, 4.803601264953613], [120, 4.8254594802856445], [160, 5.328648567199707], [200, 5.591383457183838], [240, 5.351119041442871], [280, 5.498351097106934], [320, 5.387202262878418], [360, 5.657413482666016], [400, 5.218829154968262], [401, 5.218829154968262]], "train_acc": [], "val_acc": []}