{"train_loss": [[0, 4.656266212463379], [40, 2.0724148750305176], [80, 1.9965912103652954], [120, 1.954583764076233], [160, 1.8442178964614868], [200, 1.9024274349212646], [240, 1.908887505531311], [280, 1.7884149551391602], [320, 1.836198091506958], [360, 1.8804855346679688], [400, 1.8695967197418213], [401, 1.8695967197418213]], "val_loss": [[0, 4.6412153244018555], [40, 4.302076816558838], [80, 4.72003698348999], [120, 4.747805118560791], [160, 4.8030171394348145], [200, 4.715567588806152], [240, 4.945584297180176], [280, 5.003716945648193], [320, 4.742100715637207], [360, 5.119722843170166], [400, 5.0180840492248535], [401, 5.0180840492248535]], "train_acc": [], "val_acc": []}