{"train_loss": [[0, 10.604331016540527], [40, 6.922469139099121], [80, 4.2178144454956055], [120, 3.6798605918884277], [160, 3.804213762283325], [200, 4.233096122741699], [240, 4.651359558105469], [280, 4.824997901916504], [320, 5.462353706359863], [360, 5.877290725708008], [400, 5.919247150421143], [401, 5.919247150421143]], "val_loss": [[0, 10.622017860412598], [40, 10.193388938903809], [80, 10.650091171264648], [120, 11.060004234313965], [160, 10.38949203491211], [200, 10.462730407714844], [240, 10.412676811218262], [280, 10.526944160461426], [320, 10.512933731079102], [360, 10.38243579864502], [400, 10.367887496948242], [401, 10.367887496948242]], "train_acc": [], "val_acc": []}