{"train_loss": [[0, 4.667196750640869], [40, 2.638902425765991], [80, 2.2498021125793457], [120, 2.1737253665924072], [160, 2.0193042755126953], [200, 2.0115466117858887], [240, 2.025585174560547], [280, 1.9607923030853271], [320, 1.8452154397964478], [360, 1.714473009109497], [400, 1.4828137159347534], [401, 1.4828137159347534]], "val_loss": [[0, 4.683887004852295], [40, 4.485877990722656], [80, 4.675072193145752], [120, 5.147366523742676], [160, 5.128761291503906], [200, 5.138654708862305], [240, 5.023839473724365], [280, 4.937826633453369], [320, 5.039098739624023], [360, 5.193164348602295], [400, 5.716824531555176], [401, 5.716824531555176]], "train_acc": [], "val_acc": []}