{"train_loss": [[0, 4.665453910827637], [40, 1.95162832736969], [80, 1.811907410621643], [120, 1.6906648874282837], [160, 1.4694582223892212], [200, 1.4311192035675049], [240, 1.2774336338043213], [280, 1.281667947769165], [320, 1.2394758462905884], [360, 1.3064666986465454], [400, 1.422597885131836], [401, 1.422597885131836]], "val_loss": [[0, 4.649173736572266], [40, 4.590102672576904], [80, 4.925092697143555], [120, 5.130759239196777], [160, 5.482280254364014], [200, 5.547857761383057], [240, 5.465843677520752], [280, 5.422942161560059], [320, 5.292843818664551], [360, 5.6987786293029785], [400, 5.576236724853516], [401, 5.576236724853516]], "train_acc": [], "val_acc": []}