{"train_loss": [[0, 4.6437225341796875], [40, 2.4370086193084717], [80, 2.1170780658721924], [120, 1.9039922952651978], [160, 1.7565221786499023], [200, 1.5907566547393799], [240, 1.3717230558395386], [280, 1.3170453310012817], [320, 1.351660132408142], [360, 1.4265539646148682], [400, 1.1821048259735107], [401, 1.1821048259735107]], "val_loss": [[0, 4.634035587310791], [40, 4.567583084106445], [80, 5.348402976989746], [120, 5.327924728393555], [160, 5.455924034118652], [200, 5.596105098724365], [240, 5.496489524841309], [280, 5.538332462310791], [320, 5.295962810516357], [360, 5.528068542480469], [400, 5.617252349853516], [401, 5.617252349853516]], "train_acc": [], "val_acc": []}