{"train_loss": [[0, 4.674663543701172], [40, 3.0990352630615234], [80, 2.3903212547302246], [120, 2.258942127227783], [160, 2.0838963985443115], [200, 1.9785878658294678], [240, 1.8931373357772827], [280, 1.798461675643921], [320, 1.7565631866455078], [360, 1.6918503046035767], [400, 1.5504231452941895], [401, 1.5504231452941895]], "val_loss": [[0, 4.643341541290283], [40, 4.343125343322754], [80, 4.731851100921631], [120, 4.930824279785156], [160, 5.000840187072754], [200, 5.639407157897949], [240, 5.365758419036865], [280, 5.499342441558838], [320, 5.131853103637695], [360, 5.291626930236816], [400, 5.2967209815979], [401, 5.2967209815979]], "train_acc": [], "val_acc": []}