{"train_loss": [[0, 4.657876014709473], [40, 3.224367618560791], [80, 2.292414903640747], [120, 2.127258777618408], [160, 1.9445850849151611], [200, 1.4786832332611084], [240, 1.6227636337280273], [280, 1.2357051372528076], [320, 1.3206901550292969], [360, 1.288060188293457], [400, 1.3285932540893555], [401, 1.3285932540893555]], "val_loss": [[0, 4.647512435913086], [40, 4.209033966064453], [80, 4.575786590576172], [120, 5.067376136779785], [160, 5.578155517578125], [200, 5.6731157302856445], [240, 4.647860527038574], [280, 5.882593631744385], [320, 5.449376106262207], [360, 5.8139328956604], [400, 5.7387895584106445], [401, 5.7387895584106445]], "train_acc": [], "val_acc": []}