{"train_loss": [[0, 10.841221809387207], [40, 2.995635509490967], [80, 1.9819462299346924], [120, 1.9417270421981812], [160, 1.644443154335022], [200, 1.5763477087020874], [240, 1.428660273551941], [280, 1.3662978410720825], [320, 1.4436179399490356], [360, 1.4788482189178467], [400, 1.7018449306488037], [401, 1.7018449306488037]], "val_loss": [[0, 10.826350212097168], [40, 4.487591743469238], [80, 4.962740898132324], [120, 5.363461494445801], [160, 5.246725559234619], [200, 5.457617282867432], [240, 5.204293251037598], [280, 5.333535194396973], [320, 5.334228992462158], [360, 5.720251560211182], [400, 5.799568176269531], [401, 5.799568176269531]], "train_acc": [], "val_acc": []}