{"train_loss": [[0, 10.604198455810547], [40, 4.71294641494751], [80, 3.8619513511657715], [120, 2.7600162029266357], [160, 2.5212152004241943], [200, 2.561785936355591], [240, 2.06897234916687], [280, 2.70983624458313], [320, 2.2468459606170654], [360, 2.59381365776062], [400, 2.8449254035949707], [401, 2.8449254035949707]], "val_loss": [[0, 10.62196159362793], [40, 12.120268821716309], [80, 12.051475524902344], [120, 11.698511123657227], [160, 12.419535636901855], [200, 12.451528549194336], [240, 12.514430046081543], [280, 11.68997859954834], [320, 11.188384056091309], [360, 11.386392593383789], [400, 11.11929988861084], [401, 11.11929988861084]], "train_acc": [], "val_acc": []}