{"train_loss": [[0, 4.690653324127197], [40, 1.9458621740341187], [80, 1.8336007595062256], [120, 1.7012226581573486], [160, 1.6165826320648193], [200, 1.4972084760665894], [240, 1.47335684299469], [280, 1.391654133796692], [320, 1.4816973209381104], [360, 1.474256992340088], [400, 1.389904260635376], [401, 1.389904260635376]], "val_loss": [[0, 4.658982276916504], [40, 4.591910362243652], [80, 4.6453680992126465], [120, 5.054458141326904], [160, 5.396608352661133], [200, 5.263869762420654], [240, 5.319614887237549], [280, 5.268002510070801], [320, 5.248970985412598], [360, 5.3685407638549805], [400, 5.081238269805908], [401, 5.081238269805908]], "train_acc": [], "val_acc": []}