{"train_loss": [[0, 10.82888412475586], [40, 3.139350652694702], [80, 2.921640396118164], [120, 2.6841349601745605], [160, 2.385176181793213], [200, 2.6324222087860107], [240, 2.2138168811798096], [280, 2.0225038528442383], [320, 1.976436972618103], [360, 2.0907201766967773], [400, 1.944056510925293], [401, 1.944056510925293]], "val_loss": [[0, 10.84801197052002], [40, 5.254899024963379], [80, 4.806616306304932], [120, 4.914079666137695], [160, 5.063570976257324], [200, 4.776089191436768], [240, 5.088549613952637], [280, 5.4594526290893555], [320, 5.643660068511963], [360, 5.846741676330566], [400, 5.573040962219238], [401, 5.573040962219238]], "train_acc": [], "val_acc": []}