{"train_loss": [[0, 10.089590072631836], [40, 3.609715223312378], [80, 3.1913399696350098], [120, 2.822619915008545], [160, 3.113680362701416], [200, 3.5468850135803223], [240, 3.596341609954834], [280, 3.8404526710510254], [320, 4.22314977645874], [360, 4.6015424728393555], [400, 4.999155044555664], [401, 4.999155044555664]], "val_loss": [[0, 10.068063735961914], [40, 9.649988174438477], [80, 10.276123046875], [120, 9.910856246948242], [160, 9.268911361694336], [200, 9.907564163208008], [240, 10.085955619812012], [280, 10.154001235961914], [320, 10.208211898803711], [360, 9.72941780090332], [400, 9.158391952514648], [401, 9.158391952514648]], "train_acc": [], "val_acc": []}