{"train_loss": [[0, 4.657941818237305], [40, 2.085902690887451], [80, 2.0025634765625], [120, 1.8071733713150024], [160, 1.4874451160430908], [200, 1.3621429204940796], [240, 1.3349653482437134], [280, 1.3194092512130737], [320, 1.3385975360870361], [360, 1.4352861642837524], [400, 1.4528095722198486], [401, 1.4528095722198486]], "val_loss": [[0, 4.6412153244018555], [40, 4.370429515838623], [80, 4.880802631378174], [120, 5.247403144836426], [160, 5.169558048248291], [200, 5.313604354858398], [240, 5.3658928871154785], [280, 5.504753112792969], [320, 5.256184101104736], [360, 5.523864269256592], [400, 5.60280704498291], [401, 5.60280704498291]], "train_acc": [], "val_acc": []}