{"train_loss": [[0, 10.84144115447998], [40, 2.876314878463745], [80, 2.304143190383911], [120, 2.029453754425049], [160, 1.8065769672393799], [200, 1.7828798294067383], [240, 1.6312544345855713], [280, 1.4217697381973267], [320, 1.430158019065857], [360, 1.4321407079696655], [400, 1.5233049392700195], [401, 1.5233049392700195]], "val_loss": [[0, 10.826350212097168], [40, 4.8579888343811035], [80, 5.308852195739746], [120, 6.140606880187988], [160, 6.4076433181762695], [200, 5.7863359451293945], [240, 6.044525146484375], [280, 5.984330177307129], [320, 6.155791282653809], [360, 5.904980659484863], [400, 5.968605995178223], [401, 5.968605995178223]], "train_acc": [], "val_acc": []}