{"train_loss": [[0, 4.657549858093262], [40, 2.9330170154571533], [80, 2.3611302375793457], [120, 2.2885425090789795], [160, 2.0336432456970215], [200, 1.8873485326766968], [240, 1.683746099472046], [280, 1.4869226217269897], [320, 1.5042718648910522], [360, 1.425933599472046], [400, 1.4081947803497314], [401, 1.4081947803497314]], "val_loss": [[0, 4.6412153244018555], [40, 4.294625759124756], [80, 4.712669372558594], [120, 5.214499473571777], [160, 5.152274131774902], [200, 5.429698944091797], [240, 5.29525089263916], [280, 5.770719051361084], [320, 5.423128128051758], [360, 5.787273406982422], [400, 5.745789527893066], [401, 5.745789527893066]], "train_acc": [], "val_acc": []}