{"train_loss": [[0, 4.673551559448242], [40, 2.8181045055389404], [80, 2.2596628665924072], [120, 2.195122241973877], [160, 2.0253562927246094], [200, 2.0522208213806152], [240, 1.99184250831604], [280, 1.7828032970428467], [320, 1.646017074584961], [360, 1.556196928024292], [400, 1.6228450536727905], [401, 1.6228450536727905]], "val_loss": [[0, 4.643557548522949], [40, 4.315392017364502], [80, 4.686006546020508], [120, 5.019252777099609], [160, 5.223077774047852], [200, 5.320319175720215], [240, 5.494414329528809], [280, 5.595020294189453], [320, 5.275638580322266], [360, 5.435059547424316], [400, 5.062321662902832], [401, 5.062321662902832]], "train_acc": [], "val_acc": []}