{"train_loss": [[0, 4.652048587799072], [40, 2.7990732192993164], [80, 2.271754503250122], [120, 2.228641986846924], [160, 2.0877907276153564], [200, 2.0742478370666504], [240, 2.118701934814453], [280, 1.9633411169052124], [320, 1.9335397481918335], [360, 1.8911851644515991], [400, 1.74286687374115], [401, 1.74286687374115]], "val_loss": [[0, 4.6696062088012695], [40, 4.308255672454834], [80, 4.866390228271484], [120, 5.223706245422363], [160, 5.4260125160217285], [200, 4.929934501647949], [240, 5.192852020263672], [280, 5.505599498748779], [320, 5.272084712982178], [360, 5.418987274169922], [400, 5.629153251647949], [401, 5.629153251647949]], "train_acc": [], "val_acc": []}