{"train_loss": [[0, 10.090509414672852], [40, 4.278895854949951], [80, 4.048953056335449], [120, 4.223156929016113], [160, 4.405263900756836], [200, 4.648026943206787], [240, 4.798323631286621], [280, 4.9661407470703125], [320, 5.034409999847412], [360, 5.10402774810791], [400, 5.3015594482421875], [401, 5.3015594482421875]], "val_loss": [[0, 10.068063735961914], [40, 10.484403610229492], [80, 10.040704727172852], [120, 10.859209060668945], [160, 10.930851936340332], [200, 10.983545303344727], [240, 10.007761001586914], [280, 10.599712371826172], [320, 10.796346664428711], [360, 10.58078670501709], [400, 10.176247596740723], [401, 10.176247596740723]], "train_acc": [], "val_acc": []}