{"train_loss": [[0, 10.84154987335205], [40, 3.1242127418518066], [80, 2.4355216026306152], [120, 2.2983641624450684], [160, 2.2268924713134766], [200, 2.0224852561950684], [240, 2.121903896331787], [280, 1.9188464879989624], [320, 1.9915786981582642], [360, 2.0419135093688965], [400, 1.933071494102478], [401, 1.933071494102478]], "val_loss": [[0, 10.826601028442383], [40, 5.724826335906982], [80, 5.06607723236084], [120, 5.498665809631348], [160, 5.600733757019043], [200, 5.866466999053955], [240, 5.769864082336426], [280, 5.9853715896606445], [320, 5.775881290435791], [360, 5.827582359313965], [400, 5.990777969360352], [401, 5.990777969360352]], "train_acc": [], "val_acc": []}