{"train_loss": [[0, 10.840730667114258], [40, 3.1235508918762207], [80, 2.403066396713257], [120, 2.2820467948913574], [160, 1.9666862487792969], [200, 1.8735930919647217], [240, 1.7822424173355103], [280, 1.455239176750183], [320, 1.5811229944229126], [360, 1.4365968704223633], [400, 1.5146515369415283], [401, 1.5146515369415283]], "val_loss": [[0, 10.826350212097168], [40, 4.9098124504089355], [80, 5.039804935455322], [120, 5.362443447113037], [160, 5.554992198944092], [200, 6.1915459632873535], [240, 5.766139030456543], [280, 6.062748432159424], [320, 5.828166961669922], [360, 5.923888206481934], [400, 5.5978193283081055], [401, 5.5978193283081055]], "train_acc": [], "val_acc": []}