{"train_loss": [[0, 4.679088592529297], [40, 2.719379425048828], [80, 2.4771595001220703], [120, 2.153985023498535], [160, 1.945302963256836], [200, 1.8973772525787354], [240, 1.6958446502685547], [280, 1.558314561843872], [320, 1.572320580482483], [360, 1.576133131980896], [400, 1.5163452625274658], [401, 1.5163452625274658]], "val_loss": [[0, 4.677298545837402], [40, 4.05266809463501], [80, 4.5819220542907715], [120, 4.821814060211182], [160, 5.147747993469238], [200, 4.911850929260254], [240, 5.085741996765137], [280, 4.976483345031738], [320, 5.0607781410217285], [360, 5.1981916427612305], [400, 4.978476524353027], [401, 4.978476524353027]], "train_acc": [], "val_acc": []}