{"train_loss": [[0, 10.604719161987305], [40, 6.662413120269775], [80, 3.8132877349853516], [120, 3.0784642696380615], [160, 3.218339204788208], [200, 3.5898079872131348], [240, 4.0573835372924805], [280, 4.058562278747559], [320, 4.659185886383057], [360, 5.258630275726318], [400, 5.199200630187988], [401, 5.199200630187988]], "val_loss": [[0, 10.621896743774414], [40, 10.212522506713867], [80, 10.583209037780762], [120, 10.919164657592773], [160, 10.557161331176758], [200, 10.459134101867676], [240, 10.102484703063965], [280, 10.554056167602539], [320, 10.495583534240723], [360, 10.564743041992188], [400, 10.660770416259766], [401, 10.660770416259766]], "train_acc": [], "val_acc": []}