{"train_loss": [[0, 10.089929580688477], [40, 6.658707618713379], [80, 4.237758159637451], [120, 3.231847047805786], [160, 3.1829779148101807], [200, 3.424287796020508], [240, 3.6746838092803955], [280, 4.021700859069824], [320, 4.312663555145264], [360, 4.581058502197266], [400, 4.997903347015381], [401, 4.997903347015381]], "val_loss": [[0, 10.068063735961914], [40, 9.100976943969727], [80, 8.888673782348633], [120, 9.219451904296875], [160, 9.084329605102539], [200, 9.700019836425781], [240, 9.603938102722168], [280, 9.74226188659668], [320, 9.743864059448242], [360, 9.57330322265625], [400, 9.492883682250977], [401, 9.492883682250977]], "train_acc": [], "val_acc": []}